{"cameraMode":{"drawMode":0,"name":"Shaded","section":"Shading Mode"},"sceneLighting":false,"audioPlay":false,"sceneViewState":{"m_AlwaysRefresh":false,"showFog":true,"showSkybox":false,"showFlares":true,"showImageEffects":true,"showParticleSystems":true,"showVisualEffectGraphs":true,"m_FxEnabled":true},"in2DMode":false,"pivot":{"x":1.6699999570846558,"y":0.023918747901916505,"z":-0.8999999761581421},"rotation":{"x":0.2438047081232071,"y":0.013087166473269463,"z":-0.0032915640622377397,"w":0.9697313904762268},"size":1.6667084693908692,"orthographic":false}