{"cameraMode":{"drawMode":0,"name":"Shaded","section":"Shading Mode"},"sceneLighting":false,"audioPlay":false,"sceneViewState":{"m_AlwaysRefresh":false,"showFog":true,"showSkybox":true,"showFlares":true,"showImageEffects":true,"showParticleSystems":true,"showVisualEffectGraphs":true,"m_FxEnabled":true},"in2DMode":false,"pivot":{"x":2.518301486968994,"y":-12.079675674438477,"z":22.437973022460939},"rotation":{"x":0.2438047081232071,"y":0.013087166473269463,"z":-0.0032915640622377397,"w":0.9697313904762268},"size":18.942672729492189,"orthographic":false}